,Entry Name,Entry,Gene Names,Protein names,Reviewed,Protein names.1,Organism,Taxonomic lineage (Ids),Sequence,query
0,A0A1A8U1R0_NOTFU,A0A1A8U1R0,PLK4 plk4 G4P62_015516,Serine/threonine-protein kinase PLK4 (EC 2.7.11.21) (Polo-like kinase 4),unreviewed,Serine/threonine-protein kinase PLK4 (EC 2.7.11.21) (Polo-like kinase 4),Nothobranchius furzeri (Turquoise killifish),"131567 (no rank), 2759 (superkingdom), 33154 (no rank), 33208 (kingdom), 6072 (no rank), 33213 (no rank), 33511 (no rank), 7711 (phylum), 89593 (subphylum), 7742 (no rank), 7776 (no rank), 117570 (no rank), 117571 (no rank), 7898 (superclass), 186623 (class), 41665 (subclass), 32443 (infraclass), 1489341 (no rank), 186625 (no rank), 1489388 (cohort), 123365 (no rank), 123366 (no rank), 123367 (no rank), 123368 (no rank), 123369 (no rank), 1489872 (no rank), 1489908 (no rank), 1489913 (superorder), 28738 (order), 45443 (suborder), 405002 (family), 28779 (genus)",MSLSIGDKIEDFKVLTLLGKGSFACVYRAKSNKTGLEVAIKMIDKKAMHKAGMVQRVTNEVEIHCRLKHPSILELYNYFEDSNYVYLVLEMCHNGEMSRYLKERKMPFSEDEARHFMHQIVKGMLYLHTHGILHRDLTLSNLLLTSDMNIKIGDFGLATQLKLPNEKHFTMCGTPNYISPEVATRSAHGLESDVWSLGCMFYAFLMGRPPFDTDTVKHTLSKVVLGDYEMPCHVSLEAQDLIHQLLQKDPTLRPSLSAVLDHPFMTQSLLVRTKELRLGDEGSIDSGIATISTACTSSTSGSSGSRLHRRTKHMIGSALPNRMAPISVLPRQANSGCFDDREQLQDSFYRDGRSRAAYGGDGGQPHSRFLRRAHSSERSNSSAPGHASSQVELTRCHSEETLTGVGLPIFPSPLPFPEHGRLPSPPVKQSANSGYLSTEPALEGVSNWLNTEDIGQRSTDGSTHSSRGPLGVHSSWSEPVGRGTHPHHNKLPANPDSHRETSHGAEFQPHHSKSSTEKQKKTLPDIVPPLCASRLKPIRQKTKNAVVSILDTGEVCMELVKSQNGQERVKEVLRISCDGLMVTIYQPNVGKGFPVLDCPPAPPEDILICSYQDLPEKYWKKYQYATKFVQLIKSKTPKVTLYTKYAKVMLMENSPNADLEVCFYDGAKTHKTSELVRVVEKSGKSYTVKGEVGLSGLSPESRMYVELSEEGYSMCLSLEAAITAEEQRSTKKVPFFPITIGRRPASSDSPSTVPVPSQQMRPDAASPPKPPQITPSMISYDGSDFTTASLNKKCPPTQQEVVQNTGKVVKSIFVPNVGWASQLTSGEVWVQFNDGSQLVVQAGVSCITYTSPEGRITRYKENEKLPEHVKEKLHCLSTILGLLANPSARHLPTH,A0A1A8U1R0
1,A0A669F9S4_ORENI,A0A669F9S4,plk4,Serine/threonine-protein kinase PLK4 (EC 2.7.11.21) (Polo-like kinase 4),unreviewed,Serine/threonine-protein kinase PLK4 (EC 2.7.11.21) (Polo-like kinase 4),Oreochromis niloticus (Nile tilapia) (Tilapia nilotica),"131567 (no rank), 2759 (superkingdom), 33154 (no rank), 33208 (kingdom), 6072 (no rank), 33213 (no rank), 33511 (no rank), 7711 (phylum), 89593 (subphylum), 7742 (no rank), 7776 (no rank), 117570 (no rank), 117571 (no rank), 7898 (superclass), 186623 (class), 41665 (subclass), 32443 (infraclass), 1489341 (no rank), 186625 (no rank), 1489388 (cohort), 123365 (no rank), 123366 (no rank), 123367 (no rank), 123368 (no rank), 123369 (no rank), 1489872 (no rank), 1489908 (no rank), 1489910 (superorder), 1489911 (order), 8113 (family), 319095 (no rank), 318546 (subfamily), 1315725 (tribe), 8139 (genus)",MKSCSHFPADALFVQLLFLCMQDFKVLTLLGKGSFACVYRAKSVKTGLEVAIKTIDKKAMHKAGMVQRVRNEVEIHCRLKHPSILELYNYFEDSNYVYLVLEMCHNGEMSRYLKERKMPFSEDEARHFMDQTVKGMLYLHTHGILHRDLTLSNLLLTSNMNIKIADFGLATQLKLPNEKHFTMCGTPNYISPEVATRSAHGLESDVWSLGCMFYAFLMGRPPFDTDTVKHTLSKVVLGDYEMPTHVSLEAQDLIYQLLQKDPTQRPSLSAVLDHPFMTQSLLVRTKELGLGDDGSIDSGIATISTAYTSSTSASSGSRLQKRTKHMIGSALPNRMTPIPSLPRQPNSACFEDGDQWQQQQHPLERFNREGRSRAAHGGESAEPHSRYLRRAHSSDRPMSTSTGSTHAELGRCHSEETLAGIGRPVFPVSSTPHPFSEHGRLPSPPVKQPANSGYFSTETALPPNLQFQDLEGVSNWLNTEGSGQRSADGSAHSSRGPLGVHNSWTDKPMSRGVNLHPNLHHQLLSNSDSYRENIPGLEFQPPPDRELKHSSTKPSTDKPKKTLRDVIPPLCASRLKPIRQKTKNAVVSILDTGEVCMELLKCQSGQERVKEVLRISCDGSMVTIYQPNGGKGFPVLDCPPAPPEDILICSYEDLPEKYWKKYQYASKFVQLVKSKTPKVTLYTKYAKVMLMENSPNADLEVCFYDGAKTHKTSELVRVVEKSGKSYTVKGEAGLSGLSPECRRYVELSDEGHAMCLSLEAAITAEEQRSTKNVPFFPITIGRRPASSDAPGSSSVPSHPVPPDTASPPKPPQITPSMISYDGSDFTTASLSKKSSPVRQDLIQSTGKVVKSIFVPNVGWASQLTSGEVWVQFNDGSQLVVQAGVSCITYTCPEGKITRYKENEKLPEHVKEKLHCLSTILGLLANPAAHHLQSH,A0A669F9S4
2,A0A087X4E6_POEFO,A0A087X4E6,,Serine/threonine-protein kinase PLK4 (EC 2.7.11.21) (Polo-like kinase 4),unreviewed,Serine/threonine-protein kinase PLK4 (EC 2.7.11.21) (Polo-like kinase 4),Poecilia formosa (Amazon molly) (Limia formosa),"131567 (no rank), 2759 (superkingdom), 33154 (no rank), 33208 (kingdom), 6072 (no rank), 33213 (no rank), 33511 (no rank), 7711 (phylum), 89593 (subphylum), 7742 (no rank), 7776 (no rank), 117570 (no rank), 117571 (no rank), 7898 (superclass), 186623 (class), 41665 (subclass), 32443 (infraclass), 1489341 (no rank), 186625 (no rank), 1489388 (cohort), 123365 (no rank), 123366 (no rank), 123367 (no rank), 123368 (no rank), 123369 (no rank), 1489872 (no rank), 1489908 (no rank), 1489913 (superorder), 28738 (order), 8087 (suborder), 8079 (family), 586240 (subfamily), 8080 (genus)",MSVSIGDKIEDFKVLTLLGKGSFACVYRAKSVKTGLEVAIKMIDKKAMHKAGMVQRVTNEVEIHCRLKHPSILELYNYFEDSNYVYLVLEMCHNGEMSRYLKERKMPFSEDEARHFMHQIVKGMLYLHTHGILHRDLTLSNLLLTSNMNIKIADFGLATQLKLPNEKHFTMCGTPNYISPEVATRSAHGLESDVWSLGCMFYAFLMGRPPFDTDTVKNTLSKVVLGDYEMPSHVSLEAQDLIHQLLQRDPALRPSLSTVLDHPFMTQNLLVRTKELRLGDDSSIDSGIATISTACTSSVSASSGTRLQRRTKHAIGPALPNRMTYVPPRQPSSFDDVDGSRGRAAYFGETGQPYSRFLRRAHSSDRCGSAEPGLTSSQHELGRCHSEETLTAVGRPLFPSSSTPHPFSDHSRLPSPPVKQPAHSGYLPAQMVYPPTSQYQDLDGVSNWLNSEGSGSRPTDGSGGSFHSRGPPGVHSSWSEPTGRGLQPYPESSREISAGTDFQPPHSREQKRKTLRDVVSPLCAHRLKPIRQKTKNAVVSILETGEVCMELLKSQNGQERVKEVLQISCDGSMVTIYQPNGGKGLPLLDRPPAPPEDILICSYDDLPEKYWKKYQYASKFVQLVKSKTPKVTLYTKFAKVMLMENSPDADLEVCFYDGAKTHKTSELVRVVERSGKSYTVKGEVGLSGLSPESRLYVELSDEGHSMCLSLEAAITAEEQRSAKKVPFFPITIGRRPASSESLSSGSAPSRPVPPDLATPPKPPQITPSMISYDGSDFTSASLSKKCSPVRQDSVQSTGKVVKSIFVPNVGWASQLTSGEVWVQFNDGSQLVVQAGVSCITYTSAEGRVTRYKENEKLPEHVKEKLHCLSTILGLLANPAPRH,A0A087X4E6
3,A0A2D0RL52_ICTPU,A0A2D0RL52,plk4,Serine/threonine-protein kinase PLK4 (EC 2.7.11.21) (Polo-like kinase 4),unreviewed,Serine/threonine-protein kinase PLK4 (EC 2.7.11.21) (Polo-like kinase 4),Ictalurus punctatus (Channel catfish) (Silurus punctatus),"131567 (no rank), 2759 (superkingdom), 33154 (no rank), 33208 (kingdom), 6072 (no rank), 33213 (no rank), 33511 (no rank), 7711 (phylum), 89593 (subphylum), 7742 (no rank), 7776 (no rank), 117570 (no rank), 117571 (no rank), 7898 (superclass), 186623 (class), 41665 (subclass), 32443 (infraclass), 1489341 (no rank), 186625 (no rank), 186634 (cohort), 32519 (subcohort), 186626 (no rank), 186628 (superorder), 7995 (order), 1489793 (suborder), 7996 (family), 7997 (genus)",MSVSIGDKIEDFKVLTLLGKGSFACVYRAKSVNTGLEVAIKMIDKKAMHKAGMVQRVINEVEIQCRLKHPSILELYNYFEDSNYVYLVLEMCHNGEMSRYLKDRKKPFTEDEVRQFMHQILKGMLYLHTHGIMHRDLTLSNLLLTSSMNIKIADFGLATQLKLPSEKHFTMCGTPNYISPEVATRSAHGLESDVWSLGCMFYAFLTGRPPFDTDTVKHTLSKVVLGEYQMPTHVSAEAQDLIQLLLQKTPALRPSLSAVLDHPFMTQSGSTGSRDSGGSDGGSMDSGIATISTASNTTSNNSSSRLHRKTRQVIGQALPNRMVPLPSHSQQSTSSSFKGEQDWQPHAPGSMRAPVDAVSGRPHSRYLRRAHSSDRSGAGYSHARQVMERDRCHSEEVLPGSGRIFPSTSSYQDNGSGYAEHGRLPSPPVKQPASSGSSFSAPVHPIRLQTAESNTQPWFSTDGSFKRPADISTYSSGGSFHSGREAVGALPSCIDQPTARATSDHPPQLYHQSSSYGDPGPCRKDGFGMSHFPTPQGCVDVQTAPLSRSKANDGKERKSPLFPPLCAARLKPIRQKTKNAVVSILDTGEVCMELLKGQGSQERVKEVLRISSDGSMVTVYQPNDGKGFPVLDHPPSPPEDIFICSYEDLPEKYWKKYQYATKFVQLVKSKTPKVTLYTKFAKCMLMENSPNADLEMCFYDGAKTHKSSDQVRVVETSGKSYTVKGDVGVSGVSPECRRYMELTDEGHRMCLSLEAAISTEEQRSAGATPFFPITIGRRPTNSSSSCPVAQPASHRAPAAPVEVAQVYLSPPHQPHITPSMISYSGSDFTTTSLAKGSSPQSAKDGCSVSAGKVLKSLFVPNIGWASQLTSGEVWVQFNDGSQLVVQAGVSCITFTSPEGQITRYKENEKLPELVKEKLHCLSSILSLLASPAARR,A0A2D0RL52
4,A0A3B3BIE0_ORYME,A0A3B3BIE0,,Serine/threonine-protein kinase PLK4 (EC 2.7.11.21) (Polo-like kinase 4),unreviewed,Serine/threonine-protein kinase PLK4 (EC 2.7.11.21) (Polo-like kinase 4),Oryzias melastigma (Marine medaka),"131567 (no rank), 2759 (superkingdom), 33154 (no rank), 33208 (kingdom), 6072 (no rank), 33213 (no rank), 33511 (no rank), 7711 (phylum), 89593 (subphylum), 7742 (no rank), 7776 (no rank), 117570 (no rank), 117571 (no rank), 7898 (superclass), 186623 (class), 41665 (subclass), 32443 (infraclass), 1489341 (no rank), 186625 (no rank), 1489388 (cohort), 123365 (no rank), 123366 (no rank), 123367 (no rank), 123368 (no rank), 123369 (no rank), 1489872 (no rank), 1489908 (no rank), 1489913 (superorder), 76071 (order), 28781 (suborder), 47757 (family), 8088 (subfamily), 8089 (genus)",MSLSIGDKIEDFKVLTLLGKGSFACVYRAKSVKTGLEVAIKTIDKKAMHKAGMVQRVSNEVEIHCRLKHPSILELYNYFEDSNYVYLVLEMCHNGEMSRYLKERKRPFSEDEARHFMHQIVKGMLYLHTHGILHRDLTLSNLLLTTNMNIKIADFGLATQLKLPHEKHFTMCGTPNYISPEVATRSAHGLESDVWSLGCMFYAFLMGRPPFDTDTVKHTLSKVVLGDYEMPTHVSIEAQDLIHQLLQKDPAHRPSLSAVLDHPFMTKSLLVRTKELGVGDEGSIDSGIATISTTSTSASSGTRLQRRAKHMIGSALPNRMAPIPSLARQPNTFLEGGDEWHQQHSLDTFHREGRSRTAYSGDAAPPHSRFLRRAHSSDRCGSAALGQRSSQAELGRCSSEGTLAVVGSQMFPINCSQQYSEHGRHPSPPVKQSANCGYLSTEMTHQPNLQFQDLESVSNWLSNEGSGSRPTEKSTHSNSSSFHSSTGALGIHNSWTDKPGSRGVHSLHSQHPPHQLPSNSDSYRENAPEAGFQLSNGGDLKLSSAKSSSDKLKKTLRDVIPPLCAARLKPIRQKTKNAVVSILDTGEVCMELLKCQNGQERVKEVLRISSDGTMVTIYQPNGGKGFPVLDHPPAAPEDILICSYDDLPEKYWKKYQYASKFVQLVKSKTPKVTLYTKFAKVMLMENSPNADLEVCFYDGAKTHKTSELVRVVEKSGKSYTVKGDVGLGGLSPESRMYVELSDEGHGMCLSLEAAITAEEQRSNQKVPFFPITIGRRPVSSDPASLPLQQMLPNTASPPKSTQITPSMISYDGSDFTTASMSRKCSPVRQDLVQSSGKVLKSIFVPNVGWASQLTSGEVWVQFNDGSQLVVQAGVSCITYTSPDGRITRYKENEKLPENVKEKLHCLSTILGLLANPSALHQPAH,A0A3B3BIE0
5,A0A3B4CMZ1_PYGNA,A0A3B4CMZ1,,Serine/threonine-protein kinase PLK4 (EC 2.7.11.21) (Polo-like kinase 4),unreviewed,Serine/threonine-protein kinase PLK4 (EC 2.7.11.21) (Polo-like kinase 4),Pygocentrus nattereri (Red-bellied piranha),"131567 (no rank), 2759 (superkingdom), 33154 (no rank), 33208 (kingdom), 6072 (no rank), 33213 (no rank), 33511 (no rank), 7711 (phylum), 89593 (subphylum), 7742 (no rank), 7776 (no rank), 117570 (no rank), 117571 (no rank), 7898 (superclass), 186623 (class), 41665 (subclass), 32443 (infraclass), 1489341 (no rank), 186625 (no rank), 186634 (cohort), 32519 (subcohort), 186626 (no rank), 186628 (superorder), 7991 (order), 1489739 (suborder), 42495 (family), 42513 (genus)",MSVSIGDKIEDFKVLTLLGKGSFACVYRAKSVNTGLEVAIKMIDKKAMHKAGMVQRVINEVEIQCRLKHPSILELYNYFEDSNYVYLVLEMCHNGEMSRYLKDRKKPFTEEEVRHFMHQIVKGMLYLHTHGIMHRDLTLSNLLLTSSMNIKIADFGLATQLKLPSEKHFTMCGTPNYISPEVATRSAHGLESDVWSLGCMFYAFLTGRPPFDTDTVKHTLSKVVLGDYQMPTHVSAEAQDLICQLLQKDPTLRPSLSAVLDHPFMTHSGPTTSKDSGASDGGSIDSGIATISTASNATNNSGSRLQRKARQVIGQALPNRMVPLPSQSQHSTCSSYKGGQDWQPHPPGNMRLPVDVDSERPHSRYLRRAHSSDRSGAGFSHARQEVELERCHSEEVLPGSGGIFQSASNYRDASHGYTEHGRLPSPPVKQPANLGSSFTTPVHPIRLQKSDSETQPWFSTDGSFKRPADVSSHSSSGSFHSGREAVGAVSSCSDRPTVGGIGELLPHSYVHSSLQNNPGTCRVDGPGGGHFLAPQVCLDMQSSSLSKSKANVGKQKKSQFPPLCAARLKPIRQKTKNAVVSILDTGEVCMELLKGQGAQERVKEVLRISCDGSMVTVYQPNEGKGFPVLDHPPSPPEDIFICSYEDLPEKYWKKYQYATKFVQLVKSKTPKVTLYTKFAKCMLMENSPNADLEVCFYDGAKTHKTSDQVRVVEKSGKSYTVKGDVGLSGVSPECRLYMELTDEGHKMCLSLEAAISAEEQRSARATPFFPITIGRRPTNPASPFPVTQPTSDQGPIVPAEVAQVCLSPPQPPHITPSMISYNGSDFTTASLAKGSSPQSAKEGHSVNTGKVLKSIFVPNIGWASQLTSGEVWVQFNDGSQLVVQAGVSCIIFTSPDGHITRYKENEKLPDLVKEKLHCLSSILSLLASPAARR,A0A3B4CMZ1
6,A0A3B5Q007_XIPMA,A0A3B5Q007,,Serine/threonine-protein kinase PLK4 (EC 2.7.11.21) (Polo-like kinase 4),unreviewed,Serine/threonine-protein kinase PLK4 (EC 2.7.11.21) (Polo-like kinase 4),Xiphophorus maculatus (Southern platyfish) (Platypoecilus maculatus),"131567 (no rank), 2759 (superkingdom), 33154 (no rank), 33208 (kingdom), 6072 (no rank), 33213 (no rank), 33511 (no rank), 7711 (phylum), 89593 (subphylum), 7742 (no rank), 7776 (no rank), 117570 (no rank), 117571 (no rank), 7898 (superclass), 186623 (class), 41665 (subclass), 32443 (infraclass), 1489341 (no rank), 186625 (no rank), 1489388 (cohort), 123365 (no rank), 123366 (no rank), 123367 (no rank), 123368 (no rank), 123369 (no rank), 1489872 (no rank), 1489908 (no rank), 1489913 (superorder), 28738 (order), 8087 (suborder), 8079 (family), 586240 (subfamily), 8082 (genus)",MSVSIGDKIEDFKVLTLLGKGSFACVYRAKSVKTGLEVAIKMIDKKAMHKAGMVQRVTNEVEIHCRLKHPSILELYNYFEDSNYVYLVLEMCHNGEMSRYLKERKMPFSEDEARHFMHQIVKGMLYLHTHGILHRDLTLSNLLLTSNMNIKIADFGLATQLKLPNEKHFTMCGTPNYISPEVATRSAHGLESDVWSLGCMFYAFLMGRPPFDTDTVKHTLSKVVLGDYEMPSHVSLEAQDLIHQLLQRDPALRPSLSAVLDHPFMTQNLLVRTKEPRLGDDSSIDSGIATISTACTSSVSASSSTRLHQRTKHAIGPALPNRMTYIPPRQPSSFDDGDGSRGRAAHVGETGQPYSRFLRRAHSSDRCGSAEPGLTSSHHEMGRCHSEETLSAVGRPLFPSSSTPHPFSDHGRLPSPPVKQPAHSGYLPAQMVYPPTSQYQDLDGVSNWLNSEGSGPRPTDGSGGSFHSRGPPGVHSSWSEPAGRSLQPYPESSRDITAGTDFQPPHSREQKRKTLRDVVSPLCAHRLKPIRQKTKNAVVSILETGEVCMELLKSQNGQERVKEVLQISCDGSMVTIYQPNGGKGLPVLDRPPAPPEDILICSYDDLPEKYWKKYQYASKFVQLVKSKTPKVTLYTKFAKVMLMENSPDADLEVCFYDGAKTHKTSELVRVVEKSGKSYTVKGEVGLSGLSPESRLYVELSNEGHSMCLSLEAAITAEEQRSAKNVLFFPITIGRRPTSSESLSSGSAPSRPVPPDLATPPKPPQITPSMISYDGSDFTSASLSKKCSPVRQDSVQSAGKVVKSIFVPNIGWASQLTSGEVWVQFNDGSQLVVQAGVSCITYTSAEGRVTRYKENEKLPEHVKEKLHCLSTILGLLANPAPRHAHAH,A0A3B5Q007
7,A0A3P8QSP7_ASTCA,A0A3P8QSP7,,Serine/threonine-protein kinase PLK4 (EC 2.7.11.21) (Polo-like kinase 4),unreviewed,Serine/threonine-protein kinase PLK4 (EC 2.7.11.21) (Polo-like kinase 4),Astatotilapia calliptera (Eastern happy) (Chromis callipterus),"131567 (no rank), 2759 (superkingdom), 33154 (no rank), 33208 (kingdom), 6072 (no rank), 33213 (no rank), 33511 (no rank), 7711 (phylum), 89593 (subphylum), 7742 (no rank), 7776 (no rank), 117570 (no rank), 117571 (no rank), 7898 (superclass), 186623 (class), 41665 (subclass), 32443 (infraclass), 1489341 (no rank), 186625 (no rank), 1489388 (cohort), 123365 (no rank), 123366 (no rank), 123367 (no rank), 123368 (no rank), 123369 (no rank), 1489872 (no rank), 1489908 (no rank), 1489910 (superorder), 1489911 (order), 8113 (family), 319095 (no rank), 318546 (subfamily), 319058 (tribe), 8152 (genus)",MSVSIGDKIEDFKVLTLLGKGSFACVYRAKSVKTGLEVAIKTIDKKAMHKAGMVQRVRNEVEIHCRLKHPSILELYNYFEDSNYVYLVLEMCHNGEMSRYLKERKMPFSEDEARHFMDQTVKGMLYLHTHGILHRDLTLSNLLLTSNMNIKIADFGLATQLKLPNEKHFTMCGTPNYISPEVATRSAHGLESDVWSLGCMFYAFLMGRPPFDTDTVKHTLSKVVLGDYEMPTHVSLETQDLIYQLLQKDPAQRPSLSAVLDHPFMTQSLLVRTKELGLGDDGSIDSGIATISTAYTSSTSASSGSRLQKRTKHMIGSALPNRMAPIPSLPRQPNSACFEDGDQWQQQQHPLERFNREGRSRAAHGVESGEPHSRYLRRAHSSDRPMSTSTGSTHAELGRCHSEETLAGIGRPVFPVSSTPHPFSEHGRLPSPPVKQPANSGYFSTETALPPNLQFQDLEGVSNCFPKVLLSFSASGQRSADSSAHSSRGPLGVHNSWSDKPMSRGANLHPNLHHQLLSNSDSYRENIPGLEFQPPPDRELKLSSTKPSTDKPKKTLRDVIPPLCASRLKPIRQKTKNAVVSILDTGEVCMELLKCQSGQERVKEVLRISCDGSMVTIYQPNGGKGFPVLDCPPAPPEDILICSYEDLPEKYWKKYQYASKFVQLVKSKTPKVTLYTKYAKVMLMENSPNADLEVCFYDGAKTHKTSELVRVVEKSGKSYTVKGEAGLSGLSPECRRYVELSDEGHAMCLSLEAAITAEEQRSTKDVPFFPITIGRRPVSSDAPGSSSAPSHPVPPDTASPPKPPQITPSMISYDGSDFTTASLSKKSSPVRQDLIQSTGKVVKSIFVPNVGWASQLTSGEVWVQFNDGSQLVVQAGVSCITYTCPEGKITRYKENEKLPEHVKEKLHCLSTILGLLASPAARHLQSH,A0A3P8QSP7
8,A0A3P8U8L8_AMPPE,A0A3P8U8L8,,Serine/threonine-protein kinase PLK4 (EC 2.7.11.21) (Polo-like kinase 4),unreviewed,Serine/threonine-protein kinase PLK4 (EC 2.7.11.21) (Polo-like kinase 4),Amphiprion percula (Orange clownfish) (Lutjanus percula),"131567 (no rank), 2759 (superkingdom), 33154 (no rank), 33208 (kingdom), 6072 (no rank), 33213 (no rank), 33511 (no rank), 7711 (phylum), 89593 (subphylum), 7742 (no rank), 7776 (no rank), 117570 (no rank), 117571 (no rank), 7898 (superclass), 186623 (class), 41665 (subclass), 32443 (infraclass), 1489341 (no rank), 186625 (no rank), 1489388 (cohort), 123365 (no rank), 123366 (no rank), 123367 (no rank), 123368 (no rank), 123369 (no rank), 1489872 (no rank), 1489908 (no rank), 1489909 (no rank), 30863 (family), 80969 (genus)",MSVSIGDKIEDFKVLTLLGKGSFACVYRAKSVKTGLEVAIKTIDKKAMHKAGMVQRVTNEVEIHCRLKHPSILELYNYFEDSNYVYLVLEMCHNGEMSRYLKERKMPFSEDEARHFMHQIVKGMLYLHTHGILHRDLTLSNLLLTSNMNIKVADFGLATRLKLPNEKHFTMCGTPNYISPEVATRSAHGLESDVWSLGCMFYAFLMGRPPFDTDTVKHTLSKVVLGEYEMPTHVSLEAQDLIHQLLQKDPAQRPSLSAVLDHPFMTQSLLVRTKELGLEDDGSIDSGIATISTACTSSTSASSGSRLQRRTRHMIGSALPNRMTPIPSLPRQTNSGCFEDGDLWRQPADRFNREGRSRAVHVGESGQPHSRYLRRAYSSDRSSSTASGQSSGHAELGRCHSEETLAGVGRPVFPTSSTPNPFSEHGRHPSPPVKQSPKYDLEGVSNCCFVSFSGSAQRPTDGSTHSSSSSFHSSRGPLGVHNSWTDKPVGRGVNPHHNQHHLHHHLPSNPDSYRENIPGTEFETPHVRELQLPSAKPTAEKQKKTLKDIVPPLCASRLKPIRQKTKNAVVSILDTGEVCMELLKCQNGQERVREVLRISCDGSMVTIYQPNGGKGFPVLDCPPAPPEDILICSYEDLPEKYWKKYQYASRFVQLVKSKTPKVTLYTKYAKVMLMENTPSADLEVCFYDGAKTHKTSELVRVVEKSGKSYTVKGEVGLSGLSPESRQYVELSDEGHSMCLALEAAITAEEQRSTNSVPFFPITIGRYDENSQSSQPSHPVPPDAASPPKPPQITPSMISYDGSDFTTASLSKKSSPVRQDLVQSTGKVVKSIFVPNVGWASQLTSGEVWVQFNDGSQLVVQAGVSCITYTSPEGRITSFVKLAPLSEQEKYKENEKLPEHVKEKLHCLSTILGLLANPAAHHRQHSH,A0A3P8U8L8
9,A0A3P8ZU05_ESOLU,A0A3P8ZU05,,Serine/threonine-protein kinase PLK4 (EC 2.7.11.21) (Polo-like kinase 4),unreviewed,Serine/threonine-protein kinase PLK4 (EC 2.7.11.21) (Polo-like kinase 4),Esox lucius (Northern pike),"131567 (no rank), 2759 (superkingdom), 33154 (no rank), 33208 (kingdom), 6072 (no rank), 33213 (no rank), 33511 (no rank), 7711 (phylum), 89593 (subphylum), 7742 (no rank), 7776 (no rank), 117570 (no rank), 117571 (no rank), 7898 (superclass), 186623 (class), 41665 (subclass), 32443 (infraclass), 1489341 (no rank), 186625 (no rank), 1489388 (cohort), 41705 (no rank), 8007 (order), 8008 (family), 8009 (genus)",MSVSIGDKIEDFKVLTLLGKGSFACVYRAKSVNTGLEVAIKMIDKKAMHKAGMVQRVSNEVEIQCRLKHPSILELYNYFEDSNYVYLVLEMCHNGEMSRYLKERKVPFSEDEARHFMHQIVKGMLYLHTHGIMHRDLTLSNLLLSSNMNLKIADFGLATQLKLPSDKHFTMCGTPNYISPEVATRSAHGLESDVWSLGCMFYAFLMGRPPFDTDTVKHTLNKVVLGEYSMPSHVSQEAQDLIHQLLRKDPGQRPSLSAVLDHPFMTQSLLARTKELSLGEPGSMDSGIATISTACASSGSGSSRLQRRARRGMGPALPNRMTPVPTLTRPSSDACLDGPDHWQEQHPDRAGRSRAAPGGGNGRPHSRYLRRAHSSDRSSSSATSTRELERCHSEETLTGLGRLAFPVSSSYKDTTPPFAERGRLPSPPVKQPSSPRCLYSTQQPFQLKESEGLQNWFSKEGPLPRPTDASSHSSSGGREPLGVHNSWSDKPAGRGPHFHHPSNTESYRENEQPGPVGELHSLSKPSGENDKKSLRNVLPPLCAARLKPIRQKTKNAVVSILDTGEVCMELLKGLGAQERVKEVLRISCDGLMVTIFQPNEGKGFPVLDHPPAPPEDILICSYEDLPEKYWKKYQYASKFVQLVKSKTPKVTLYTKYAKCMLMENSPKADLEVCFYDGAKTHLTSELVRVVEKTGKSYTVKGEVGLSGLSPESRVYVELSDEGHRMCLSLEAAITAEEQHSAKSTPFFPITIGRRPATPDTSCPLSQPGPADGVSPPQPPRITPSMISYNGSDFTSASMKKTTALTVSLDHATNAGKVLKSVFVPNIGWASQLTSGEVWVQFNDGSQLVVQAGVSCIIYTSPEGRTTRYKENEKLPEPVKEKLHCLSTILGLLASPAACR,A0A3P8ZU05
10,A0A3P9PIM8_POERE,A0A3P9PIM8,,Serine/threonine-protein kinase PLK4 (EC 2.7.11.21) (Polo-like kinase 4),unreviewed,Serine/threonine-protein kinase PLK4 (EC 2.7.11.21) (Polo-like kinase 4),Poecilia reticulata (Guppy) (Acanthophacelus reticulatus),"131567 (no rank), 2759 (superkingdom), 33154 (no rank), 33208 (kingdom), 6072 (no rank), 33213 (no rank), 33511 (no rank), 7711 (phylum), 89593 (subphylum), 7742 (no rank), 7776 (no rank), 117570 (no rank), 117571 (no rank), 7898 (superclass), 186623 (class), 41665 (subclass), 32443 (infraclass), 1489341 (no rank), 186625 (no rank), 1489388 (cohort), 123365 (no rank), 123366 (no rank), 123367 (no rank), 123368 (no rank), 123369 (no rank), 1489872 (no rank), 1489908 (no rank), 1489913 (superorder), 28738 (order), 8087 (suborder), 8079 (family), 586240 (subfamily), 8080 (genus)",MSVSIGDKIEDFKVLTLLGKGSFACVYRAKSVKTGLEVAIKMIDKKAMHKAGMVQRVTNEVEIHCRLKHPSILELYNYFEDSNYVYLVLEMCHNGEMSRYLKERKMPFSEDEARHFMHQIVKGMLYLHTHGILHRDLTLSNLLLTSNMNIKIADFGLATQLKLPNEKHFTMCGTPNYISPEVATRSAHGLESDVWSLGCMFYAFLMGRPPFDTDTVKHTLSKVVLGDYEMPSHVSLEAQDLIHQLLQRDPALRPSLSAVLDHPFMTQSLLVRTKELRLGDDSSIDSGIATISTACTSSVSASSGTRLQRRTKHAIGPALPNRMTYVPPRQPSSFDDVDGSRGRAAHFGETGQPYSRFLRRAHSSDRCGSAEPGLTSSQHELGRCHSEETLSAVGRPLFPSSSTPHPFSDHGRLPSPSVKQPAHVVVSSGSGSRPTDGSGGSFHSRGPPGVHSSWSEPVGRGLQPYPESSREISAGTDFQPPHSREQKRKTLRDVVSPLCAHRLKPIRQKTKNAVVSILETGEVCMELLKSQNGQERVKEVLQISCDGSMVTIYQPNGGKGLPVLDRPPAPPEDILICSYDDLPEKYWKKYQYASKFVQLVKSKTPKVTLYTKFAKVMLMENSPDADLEVCFYDGAKTHKTSELVRVVEKSGKSYTVKGEVGLSGLSPESRLYVELSDEGHSMCLSLEAAITAEEQRSAKKVPFFPITIGRRPASSESLPSGSAPSRPVPPDLATPPKPPQITPSMISYDGSDFTSASLSKKCSPVRQDSAQSAGKVVKSIFVPNVGWASQLTSGEVWVQFNDGSQLVVQAGVSCITYTSAEGRVTRYKENEKLPEHVKEKLHCLSTILGLLANPAPRHAHAH,A0A3P9PIM8
11,A0A3Q0T2Z1_AMPCI,A0A3Q0T2Z1,,Serine/threonine-protein kinase PLK4 (EC 2.7.11.21) (Polo-like kinase 4),unreviewed,Serine/threonine-protein kinase PLK4 (EC 2.7.11.21) (Polo-like kinase 4),Amphilophus citrinellus (Midas cichlid) (Cichlasoma citrinellum),"131567 (no rank), 2759 (superkingdom), 33154 (no rank), 33208 (kingdom), 6072 (no rank), 33213 (no rank), 33511 (no rank), 7711 (phylum), 89593 (subphylum), 7742 (no rank), 7776 (no rank), 117570 (no rank), 117571 (no rank), 7898 (superclass), 186623 (class), 41665 (subclass), 32443 (infraclass), 1489341 (no rank), 186625 (no rank), 1489388 (cohort), 123365 (no rank), 123366 (no rank), 123367 (no rank), 123368 (no rank), 123369 (no rank), 1489872 (no rank), 1489908 (no rank), 1489910 (superorder), 1489911 (order), 8113 (family), 319056 (no rank), 318559 (subfamily), 318529 (tribe), 61818 (genus)",MSVSIGDKIEDFKVLTLLGKGSFACVYRAKSVKTGLEVAIKTIDKKAMHKAGMVQRVRNEVEIHCRLKHPSILELYNYFEDSNYVYLVLEMCHNGEMSRYLKERKMPFSEDEARHFMDQIVKGMLYLHTHGILHRDLTLSNLLLTNNMNIKIADFGLATQLKLPNEKHFTMCGTPNYISPEVATRSAHGLESDVWSLGCMFYAFLMGRPPFDTDTVKHTLSKVVLGEYEMPNHVSLEAQDLIHQLLQKDPVQRPSLSAVLDHPFMTQSLLVRTKELGLGDEGSIDSGIATISTACTSSTSASSGSRLQMRTKHMIGSALPNRMAPIPILSRQPDSVCYEDGDQWQHQQPPDRFYRESRSRAVHVGESGEPHSRYLRRTRSSDRPSSTSTGATHAELGRCHSEETLAGVGRPVFPMSSTPHPFSEHGRLPSPPVKQSQSFPNVVLSFSGSGQRPVDGSAHSSSSSFHSSRGPLGVHNSWTDKPMSRGANLHTNLHHQLLSNSDSYRENIPGLEFQPPHDRELKLPSAKPSTDKSKKTLRDIVPPLCASRLKPIRQKTKNAVVSILDTGEVCMELLKCQSGQERVKEVLRISCDGSMVTIYQPNGGKGFPVLDCPPAPPEDILICSYEDLPEKYWKKYQYASRFVQLVKSKTPKVTLYTKYAKVMLMENSPSADLEVCFYDGAKTHKTSELVRVVEKSGKSYTVKGEAGLSGLSPESRKYVELSDEGHSMCLSLEAAITAEEQRSTKNVPFFPITIGRRPASSDPPSSSSVPAHPLPPDTASPPKLPQITPSMISYDGSDFTTASLSKKSSPVRQDLIQSTGKVVKSIFVPNVGWASQLTSGEVWVQFNDGSQLVVQAGVSCITYTSPDGKITRYKENEKLPEHVKEKLHCLSTILGLLANPAARLRL,A0A3Q0T2Z1
12,A0A3Q1APX1_AMPOC,A0A3Q1APX1,,Serine/threonine-protein kinase PLK4 (EC 2.7.11.21) (Polo-like kinase 4),unreviewed,Serine/threonine-protein kinase PLK4 (EC 2.7.11.21) (Polo-like kinase 4),Amphiprion ocellaris (Clown anemonefish),"131567 (no rank), 2759 (superkingdom), 33154 (no rank), 33208 (kingdom), 6072 (no rank), 33213 (no rank), 33511 (no rank), 7711 (phylum), 89593 (subphylum), 7742 (no rank), 7776 (no rank), 117570 (no rank), 117571 (no rank), 7898 (superclass), 186623 (class), 41665 (subclass), 32443 (infraclass), 1489341 (no rank), 186625 (no rank), 1489388 (cohort), 123365 (no rank), 123366 (no rank), 123367 (no rank), 123368 (no rank), 123369 (no rank), 1489872 (no rank), 1489908 (no rank), 1489909 (no rank), 30863 (family), 80969 (genus)",MSVSIGDKIEDFKVLTLLGKGSFACVYRAKSVKTGLEVAIKTIDKKAMHKAGMVQRVTNEVEIHCRLKHPSILELYNYFEDSNYVYLVLEMCHNGEMSRYLKERKMPFSEDEARHFMHQIVKGMLYLHTHGILHRDLTLSNLLLTSNMNIKVADFGLATRLKLPNEKHFTMCGTPNYISPEVATRSAHGLESDVWSLGCMFYAFLMGRPPFDTDTVKHTLSKVVLGEYEMPTHVSLEAQDLIHQLLQKDPAQRPSLSAVLDHPFMTQSLLVRTKELGLEDDGSIDSGIATISTACTSSTSASSGSRLQRRTRHMIGSALPNRMTPIPSLPRQTNSGCFEDGDLWQQPADRFNREGRSRAVHVGESGQPHSRYLRRAYSSDRSSSTASGQSSGHAELGRCHSEETLAGVGRPVFPISSTPNPFSEHGRHPSPPVKQSPNCGYLSTDTAHPPNLQFQDLEGVSNWLNSEGSAQRPTDGSTHSSSSSFHSSRGPLGVHNSWTDKPVGRGVNPHHNQHHLHHHLPSNPDSYRENIPGTEFETPHVRELQLPSAKPSAEKQKKTLKDIVPPLCASRLKPIRQKTKNAVVSILDTGEVCMELLKCQNGQERVREVLRISCDGSMVTIYQPNGGKGFPVLDCPPAPPEDILICSYEDLPEKYWKKYQYASRFVQLVKSKTPKVTLYTKYAKVMLMENTPSADLEVCFYDGAKTHKTSELVRVVEKSGKSYTVKGEVGLSGLSPESRQYVELSDEGHSMCLALEAAITAEEQRSTNSVPFFPITIGRRPASLDSQSQSSQPSHPVPPDTASPPKPPQITPSMISYDGSDFTTASLSKKSSPVRQDLVQSTGKVVKSIFVPNVGWASQLTSGEVWVQFNDGSQLVVQAGVSCITYTSPEGRITRYKENEKLPEHVKEKLHCLSTILGLLANPAAHHRQHSH,A0A3Q1APX1
13,A0A3Q2GCF1_CYPVA,A0A3Q2GCF1,,Serine/threonine-protein kinase PLK4 (EC 2.7.11.21) (Polo-like kinase 4),unreviewed,Serine/threonine-protein kinase PLK4 (EC 2.7.11.21) (Polo-like kinase 4),Cyprinodon variegatus (Sheepshead minnow),"131567 (no rank), 2759 (superkingdom), 33154 (no rank), 33208 (kingdom), 6072 (no rank), 33213 (no rank), 33511 (no rank), 7711 (phylum), 89593 (subphylum), 7742 (no rank), 7776 (no rank), 117570 (no rank), 117571 (no rank), 7898 (superclass), 186623 (class), 41665 (subclass), 32443 (infraclass), 1489341 (no rank), 186625 (no rank), 1489388 (cohort), 123365 (no rank), 123366 (no rank), 123367 (no rank), 123368 (no rank), 123369 (no rank), 1489872 (no rank), 1489908 (no rank), 1489913 (superorder), 28738 (order), 8087 (suborder), 8076 (family), 136836 (subfamily), 136838 (tribe), 28741 (genus)",MSVSIGDKIEDFKVLTLLGKGSFACVYRAKSVKTGLEVAIKMIDKKAMHKAGMVQRVTNEVEIHCRLKHPSILELYNYFEDSNYVYLVLEMCHNGEMSSYLKEKKMHFSEDEARHFMHQIVKGMLYLHTHGILHRDLTLSNLLLTSNMNIKIADFGLATQLKLPNEKHFTMCGTPNYISPEVATRSAHGLESDVWSLGCMFYAFLMGRPPFDTDTVKHTLSKVVLGEYDMPSHVSLEAQDLIHQLLQRDPSLRPSLSTVLDHPFMTQSLLVRTKELRLGDDSSIDSGIATISTACTSSASASSGTRLQRRTKHVIGPTLPNRMMSVPPRQPASFEDGDQLHQQYPPDSFCREGRRRDNHVGESGQPYSRFLRRAHSSERCSSAESGQTSSQHELGRCHSEETLSALGRPFFPSSSTPHSFTDHCRLPSPPVKHSAYLSAQMVHPPTSQYQDFEGVSNWLNSEGSGPRPADGSGGSFHSRGQSGVHSSWSEPMGRGQQHLYPESSREITPGTDFQPPHSREQKPPSTKPRGEKQKKTLRDVVPPLCAYRLKPIRQKTKNAVVSILDTGEVCMELLKSQNGQERVKEVLRISCDGSMVTIYQPNGGKGFPVLDCPPAPPEDILICSYDDLPEKYWKKYQYASKFVQLVKSKTPKVTLYTKYAKVMLMENSPDADLEVCFYDGAKTHKTSELVRVVEKSGKSYTVKGEVGLSGLSPESRFYVELSDEGHSMCLSLEAAITAEEQRSTKKVPFFPITIGRRPTSSEAPSSASDPSQQTPPDSATPPKPPQFTPSMISYDGSDFTSASMSKKSSPVRQDLVQSAGKVVKSIFVPNVGWASQLTSGEVWVQFNDGSQLVVQAGVSCISYTSAEGRITRYKENEKLPEHVKEKLHCLSTILGLLANPTTSRQPAGCREPH,A0A3Q2GCF1
14,A0A3Q2W3P0_HAPBU,A0A3Q2W3P0,,Serine/threonine-protein kinase PLK4 (EC 2.7.11.21) (Polo-like kinase 4),unreviewed,Serine/threonine-protein kinase PLK4 (EC 2.7.11.21) (Polo-like kinase 4),Haplochromis burtoni (Burton's mouthbrooder) (Chromis burtoni),"131567 (no rank), 2759 (superkingdom), 33154 (no rank), 33208 (kingdom), 6072 (no rank), 33213 (no rank), 33511 (no rank), 7711 (phylum), 89593 (subphylum), 7742 (no rank), 7776 (no rank), 117570 (no rank), 117571 (no rank), 7898 (superclass), 186623 (class), 41665 (subclass), 32443 (infraclass), 1489341 (no rank), 186625 (no rank), 1489388 (cohort), 123365 (no rank), 123366 (no rank), 123367 (no rank), 123368 (no rank), 123369 (no rank), 1489872 (no rank), 1489908 (no rank), 1489910 (superorder), 1489911 (order), 8113 (family), 319095 (no rank), 318546 (subfamily), 319058 (tribe), 8121 (genus)",MSVSIGDKIEDFKVLTLLGKGSFACVYRAKSVKTGLEVAIKTIDKKAMHKAGMVQRVRNEVEIHCRLKHPSILELYNYFEDSNYVYLVLEMCHNGEMSRYLKERKMPFSEDEARHFMDQTVKGMLYLHTHGILHRDLTLSNLLLTSNMNIKIADFGLATQLKLPNEKHFTMCGTPNYISPEVATRSAHGLESDVWSLGCMFYAFLMGRPPFDTDTVKHTLSKVVLGDYEMPTHVSLEAQDLIYQLLQKDPAQRPSLSAVLDHPFMTQSLLVRTKELGLGDDGSIDSGIATISTAYTSSTSASSGSRLQKRTKHMIGSALPNRMAPIPSLPRQPNSACFEDGDQWQQQQQHPLERFNREGRSRAAHGVESGEPHSRYLRRAHSSDRPMSTSTGSTHAELGRCHSEETLAGIGRPVFPVSSTPHPFSEHGRLPSPPVKQPANSGYFSTETALPPNLQFQDLEGVSNWLNTEASGQRSADGSAHSSRGPLGVHNSWSDKPMSRGANLHPNLHHQLLSNSDSYRENIPGLEFQPPPDRELKLSSTKPSTDKPKKTLRDVIPPLCASRLKPIRQKTKNAVVSILDTGEVCMELLKCQSGQERVKEVLRISCDGSMVTIYQPNGGKGFPVLDCPPAPPEDILICSYEDLPEKYWKKYQYASKFVQLVKSKTPKVTLYTKYAKVMLMENSPNADLEVCFYDGAKTHKTSELVRVVEKSGKSYTVKGEAGLSGLSPECRRYVELSDEGHAMCLSLEAAITAEEQRSTKDVPFFPITIGRRPVSSDAPGSSSAPSHPVPPDTASPPKPPQITPSMISYDGSDFTTASLSKKSSPVRQDLIQSTGKVVKSIFVPNVGWASQLTSGEVWVQFNDGSQLVVQAGVSCITYTCPEGKITRYKENEKLPEHVKEKLHCLSTILGLLASPAARHLQSH,A0A3Q2W3P0
15,A0A3Q2ZTT6_KRYMA,A0A3Q2ZTT6,,Serine/threonine-protein kinase PLK4 (EC 2.7.11.21) (Polo-like kinase 4),unreviewed,Serine/threonine-protein kinase PLK4 (EC 2.7.11.21) (Polo-like kinase 4),Kryptolebias marmoratus (Mangrove killifish) (Rivulus marmoratus),"131567 (no rank), 2759 (superkingdom), 33154 (no rank), 33208 (kingdom), 6072 (no rank), 33213 (no rank), 33511 (no rank), 7711 (phylum), 89593 (subphylum), 7742 (no rank), 7776 (no rank), 117570 (no rank), 117571 (no rank), 7898 (superclass), 186623 (class), 41665 (subclass), 32443 (infraclass), 1489341 (no rank), 186625 (no rank), 1489388 (cohort), 123365 (no rank), 123366 (no rank), 123367 (no rank), 123368 (no rank), 123369 (no rank), 1489872 (no rank), 1489908 (no rank), 1489913 (superorder), 28738 (order), 45443 (suborder), 28771 (family), 326431 (genus)",MSLSIGDKIEDFKVLTLLGKGSFACVYRAKSVKTGVEVAIKMIDKKAMHKAGMVQRVANEVEIHCRLKHPSILELYNYFEDSNYVYLVLEMCHNGEMSRYLKERKVPFSEDEARHFMHQIIKGMLYLHTHGILHRDLTLSNLLLTSNMNIKIADFGLATQLKLPNEKHFTMCGTPNYISPEVATRSAHGLESDVWSLGCMFYAFLMGRPPFDTDTVKHTLSKVVLGDYEMPTHVSLEAQDLIHQLLQKDPAQRPSLSAVLDHPFMTQSLLVRTKELRLGDDGSMDSGIATISTACTSSTSASSGTRLQRRTKHMIGSALPNRMMPSLLHQPNSACFEEGDQRHQQYAPDSYSRDGRSRAVYGGEGGQPHSRFLRRAHSSDRCSSAAAGQTSSQAELGRCHSEETLASVGLPVFPTSSTPHTFSEHGRLPSPPVKQSANSGYLSATEMIHPSNLQFQDMEGVSNWLNNEALGQMHTDGSTHSSSGSFHSSRGPLGVHSSWSEPLGRGAHPHHNQHHPHNQLPSSADSYRENSPGADFQPFHSRELKLPASKPSTDKKKKTLRDTVPPLCASRLKPIRQKTKNAVVSILDSGEVCMELLKSQTGQERVKEVLRISCDGSMVTIYQPNGGKGFPVLDCPPAPPEDILICSYEDLPEKYWKKYQYASKFVQLVKSKTPKVTLYTKYAKVMLMENSPNADLEVCFYDGAKTHKTSELVRVVEKSGKSYTVKGEVGLSGLSPESRTYVELSDEGHSMCLSLEAAIAAEEQRSPNKVPFFPITIGRRPASSDSPSLVPVASQQAPQDAASPPKPPQITPSMISYDGSDFTTASLSKKCSPLQQDLAQSAGKVVKSIFVPNVGWASQLTSGEVWVQFNDGSQLVVQAGVSCITYTSPDGRITRYKENEKLPEHVKEKLHCLSTILGLLANRTARHPPTH,A0A3Q2ZTT6
16,A0A3Q3X8B1_MOLML,A0A3Q3X8B1,,Serine/threonine-protein kinase PLK4 (EC 2.7.11.21) (Polo-like kinase 4),unreviewed,Serine/threonine-protein kinase PLK4 (EC 2.7.11.21) (Polo-like kinase 4),Mola mola (Ocean sunfish) (Tetraodon mola),"131567 (no rank), 2759 (superkingdom), 33154 (no rank), 33208 (kingdom), 6072 (no rank), 33213 (no rank), 33511 (no rank), 7711 (phylum), 89593 (subphylum), 7742 (no rank), 7776 (no rank), 117570 (no rank), 117571 (no rank), 7898 (superclass), 186623 (class), 41665 (subclass), 32443 (infraclass), 1489341 (no rank), 186625 (no rank), 1489388 (cohort), 123365 (no rank), 123366 (no rank), 123367 (no rank), 123368 (no rank), 123369 (no rank), 1489872 (no rank), 1489922 (no rank), 31022 (order), 1489935 (suborder), 31029 (family), 94236 (genus)",MSVSIGDRIDDFKVLTLLGKGSFACVYRAKSEKTGLEVAIKTIDKKAMHKAGMVQRVTNEVEIQCRLKHPSILELYNYFEDSNYVYLVLEMCHNGEMSRYLKERKMPFSEDEARHFMHQIVKGMLYLHTHGILHRDLTLSNLLLTTNMNIKIADFGLATQLKLPNEKHFTMCGTPNYISPEVATHSAHGLESDVWSLGCMFYAFLMGRPPFDTDTVKRTLSKVVLGEYEMPGHVSLEAQDLIHQLLQKDPSQRPSLSAVLDHPFMTCSQHVRSKEPGQGDEGSIDSGIATISTACTSSTSGSSSHLHRRTRHMIGSALPNRMVAIPSFPHHSSRACFEEGDQWQQQHQPGDRFHREGRGRVIRGGQNGHPHSRYLRRAHSSDRSDSSAPGQGSSHPELGRCHSEETLTGLGRPVFPISSAQHPLSECGRLLPSPPVKQSANSGNSLSTQAAPPPSIKFQDLEGVTHWLNNDASGHRLAEGSAHSNSGSFHSSRGPLSVHTSWTDKPTGQSVNPHHNQHHNPLFNSELFRENMPMGEFHPPHSREVKPPAAKPSVEKKTLRDIVSPLCASRLKPIRQKTKNAVVSILDTGEVCMELLKCHGGQERVKEVLRISCDGSMVTIYQPNGGKGFPVLDCPPAPPEDILICSYEDLPEKYWKKYQYASKFVQLVKSKTPKVTLYTKYAKVMLMENSPNADLEVCFYDGAKTHKTSELVRVVEKSGKSYTVKGEVGLSGLSSESRLYVELSNEGHAMCLSLEAAITAEEQRSTKNVPFFPITIGRRPANPNSPCSSSLPTHQGPPDTASPPQAPQITPSMISYHGSDFTTASLNKKSSPARQELVQSTGKVIKSIFVPSVGWASQLTSGEVWVQFNDGSQLVVQAGVSCITYTSPDGKITKYKENEKLPEHVKEKLHCLSTILGLLANPTAGHLRLRL,A0A3Q3X8B1
17,A0A3Q4GSW4_NEOBR,A0A3Q4GSW4,,Serine/threonine-protein kinase PLK4 (EC 2.7.11.21) (Polo-like kinase 4),unreviewed,Serine/threonine-protein kinase PLK4 (EC 2.7.11.21) (Polo-like kinase 4),Neolamprologus brichardi (Fairy cichlid) (Lamprologus brichardi),"131567 (no rank), 2759 (superkingdom), 33154 (no rank), 33208 (kingdom), 6072 (no rank), 33213 (no rank), 33511 (no rank), 7711 (phylum), 89593 (subphylum), 7742 (no rank), 7776 (no rank), 117570 (no rank), 117571 (no rank), 7898 (superclass), 186623 (class), 41665 (subclass), 32443 (infraclass), 1489341 (no rank), 186625 (no rank), 1489388 (cohort), 123365 (no rank), 123366 (no rank), 123367 (no rank), 123368 (no rank), 123369 (no rank), 1489872 (no rank), 1489908 (no rank), 1489910 (superorder), 1489911 (order), 8113 (family), 319095 (no rank), 318546 (subfamily), 319069 (tribe), 32506 (genus)",MSVSIGDKIEDFKVLTLLGKGSFACVYRAKSVKTGLEVAIKTIDKKAMHKAGMVQRVRNEVEIHCRLKHPSILELYNYFEDSNYVYLVLEMCHNGEMSRYLKERKMPFSEDEARHFMDQTVKGMLYLHTHGILHRDLTLSNLLLTSNMNIKIADFGLATQLKLPNEKHFTMCGTPNYISPEVATRSAHGLESDVWSLGCMFYAFLMGRPPFDTDTVKHTLSKVVLGDYEMPTHVSLEAQDLIYQLLQKDPTQRPSLSAVLDHPFMTQSLLVRTKELGLGDDGSIDSGIATISTAYTSSTSACSGSRLQKRTKHIIGSALPNRMAPIPSLPRQPNSACFEDGDQWQQQQHPLERFNREGRSRAAHGGESGEPHSRYLRRAHSSDRPMSTSTGSTHAELGRCHSEETLAGIGRPVFPVSSTPHPFSDLLIIFFFLFPKVLLSFSASGQRSADGSAHSSRGPLGVHNSWSDKPMSRGANLHPNLHHQLLSNSDSYRENIPGLEFQPPPDRELKLSSTKPSTDKPKKTLRDVIPPLCASRLKPIRQKTKNAVVSILDTGEVCMELLKCQSGQERVKEVLRISCDGSMVTIYQPNGGKGFPVLDCPPAPPEDILICSYEDLPEKYWKKYQYASKFVQLVKSKTPKVTLYTKYAKVMLMENSPNADLEVCFYDGAKTHKTSELVRVVEKSGKSYTVKGEAGLSGLSPECRRYVELSDEGHAMCLSLEAAITAEEQRSTKNVPFFPITIDAPGSSSVPSHPVPPDTASPPKPPQITPSMISYDGSDFTTASLSKKSSPVRQDLIQSTGKVVKSIFVPNVGWASQLTSGEVWVQFNDGSQLVVQAGVSCITYTCPEGKITRYKENEKLPEHVKEKLHCLSTILGLLASPAAHHLQSH,A0A3Q4GSW4
18,A0A401PDG0_SCYTO,A0A401PDG0,scyTo_0010938,Serine/threonine-protein kinase PLK4 (EC 2.7.11.21) (Polo-like kinase 4),unreviewed,Serine/threonine-protein kinase PLK4 (EC 2.7.11.21) (Polo-like kinase 4),Scyliorhinus torazame (Cloudy catshark),"131567 (no rank), 2759 (superkingdom), 33154 (no rank), 33208 (kingdom), 6072 (no rank), 33213 (no rank), 33511 (no rank), 7711 (phylum), 89593 (subphylum), 7742 (no rank), 7776 (no rank), 7777 (class), 7778 (subclass), 119203 (infraclass), 119197 (no rank), 119195 (superorder), 30483 (order), 7826 (family), 7829 (genus)",MSVTDGENTIEDFKVLTLLGKGSFACVYRAKSVSTGLEVAIKMIDKKAMHKVGMVQRVRNEVEIHCQLKHPSILELYNYFEDNNYVYLVLEMCHNGEMSRYLKNRKATFSEDEARHFMHHIVTGMLYLHSHGILHRDLTLSNLLLTSDMNIKIADFGLAAQLKMPNEKHFTMCGTPNYIAPEIATHSAHGLESDVWSLGCMFYTFLVGKPPFDTDTVKNTLNKVMLADYEMPTFISNEARDLIYQLLRKNPVDRISLSGVLDHLYMMKCPSSRSKNSETVEDSMDSGHATISTGFTIGTGSSSASTMGRLHQKTKQVIGQFLPNKMAVITSHNRLINDTSSMESSAVFSERSVQNSEIIRGGRGRTVQHAEEERPHSRWLRRAHSTDRSGTFQSQNLERPNTILERCHSADALTKSARPGIYNTANLYGDGYTDSQQFSRDGSGIVGSSEKPTISPPVKQTANPNFAYQPVSSGPFLEQMSQIGTAQRWFENVQAHNAPFKKTVDVSALSSPSDSIHSGRKQQIMKEVVPANAWGKNPSNKIKSDTFYEESCCRKQMGILKYDGVLLPPGWGSAKRDNKQADSQYDCHQVLKQHNFVQEERQPAENQMRTLQEFVSPLRAHRLKPIRQKTKNAVVSILDSEEVCMELLKGSGAQERVKEVLRISSDGSMVHIYCPNEGRGFPLDDRPPSPPDDVFVYSFDNLPEKYWKKYQYASKFVHLVRSKTPKITLYTKYAKCMLMENSPQADVEVCFYDGAKINKTSEFIRFIEKSGKSHTLKGEMANGPSEEVNSYVEHAHEAHQTCLDLESIIAVQEERMEKRMSFFPIIIGRRPSNIDPMLAPTPSVERQLIQHISSSQAAGNSPSICSCESSNLTTTTVAKNKFAPSTQTVVSPSPGQVLKSVFVPNVGWASQLISGEVWVQFNDGSQLLVQAGVASVVYTSPQGQAVRYGQNEKIPDHVKEKLQCLSSILGLLANQTNQHRIQ,A0A401PDG0
19,A0A401SRM0_CHIPU,A0A401SRM0,chiPu_0011492,Serine/threonine-protein kinase PLK4 (EC 2.7.11.21) (Polo-like kinase 4),unreviewed,Serine/threonine-protein kinase PLK4 (EC 2.7.11.21) (Polo-like kinase 4),Chiloscyllium punctatum (Brownbanded bambooshark) (Hemiscyllium punctatum),"131567 (no rank), 2759 (superkingdom), 33154 (no rank), 33208 (kingdom), 6072 (no rank), 33213 (no rank), 33511 (no rank), 7711 (phylum), 89593 (subphylum), 7742 (no rank), 7776 (no rank), 7777 (class), 7778 (subclass), 119203 (infraclass), 119197 (no rank), 119195 (superorder), 30503 (order), 40580 (family), 34767 (genus)",LVVGVNGGFFENGGIVFRGGWREVARVLTSYSVPWGGAAVNGMATVCIGDTIKIDKKAMHKVGMVQRVRNEVEIHCQLKHPSILELYNYFEDDNYVYLVLEMCHNGEMSRYLKNRKATFSEDEARHFMHHIVTGMLYLHSHGILHRDLTLSNLLLTSDMNIKIADFGLATQLKMPNEKHFTMCGTPNYIAPEIATHSAHGLESDVWSLGCMFYTFLVGKPPFDTDTVKHTLNKVMLADYKMPTFISNEAQDLIYQLLRKNPEDRISLSSVLDHSFMLKCPSSRSKSSETVEDSMDSGHATISTGYTTGTGSSGASTMGRLQLKTKQVIGQFLPNKMAVITSHNRLNNSSMEGSAVFSDKSIQNSEIIRADRGRIVQIAEEERPHSRWLRRAHSTDRSGTFQSQITEKPGSTLERCHSVDALTISARPRMYSPANLYGDGYIDNQQVNKDSSDIGGSHDKSTISPPVKQAAKSKVTQEAESNGPFLEQLSQIGMTHRWFEDGQAHNAPFKTVMDVSAESSTSGSFQCGRKQQVMKEVISASTWGKHPSNQVKNDSFYQESCFKAQMGIRKYDGVLRPHSAKAGNEQADVPYNCRQVLKPQGFIQQERQPSENRSKMLQELVSPLRAHRLKPIRQKTKNAVVSILDSEEVCMELLKGSGTQERVKEVLRISSDGSMIHIYYPNEGKGFPLDDRPPSPPEDVFVYRFDNLPEKYWKKYQYASKFVHLVRSKTPKVTLYTKYAKCMLMENSPQADVEVCFYDGAKINKSSEFLRIIEKSGKSHTYKGTKINGPSEEINSYMEHAHEAHQTCLELESIIAVQDERKEMQVSFFPIIIGRRPSSTDPMLSPAPSVGSKSAVGEQPQIQHIFSSQATSITPSICSCESSSLTTITVEKNKSAPSTQTVVSPSPGQVLKSVFVPNVGWASQLISGEVWVQFNDGSQLLVQAGVASVIYTSPQGQAIRYGQNEKIPDHVKGKLQCLSSILGLLANQTNQHTIQ,A0A401SRM0
20,A0A4W3K6Z2_CALMI,A0A4W3K6Z2,plk4,Serine/threonine-protein kinase PLK4 (EC 2.7.11.21) (Polo-like kinase 4),unreviewed,Serine/threonine-protein kinase PLK4 (EC 2.7.11.21) (Polo-like kinase 4),Callorhinchus milii (Ghost shark),"131567 (no rank), 2759 (superkingdom), 33154 (no rank), 33208 (kingdom), 6072 (no rank), 33213 (no rank), 33511 (no rank), 7711 (phylum), 89593 (subphylum), 7742 (no rank), 7776 (no rank), 7777 (class), 7863 (subclass), 7864 (order), 7865 (family), 7866 (genus)",MFVLQDFKVLTLLGKGSFACVYKAKSVSTGVEVAIKMIDKKIMHKVGMVQRIRNEVEIHCQLKHPSILELYNYFEDNNYVYLVLEMCHNGEMSRYLKNRKAAFSEDESRHLMHQIVTGMLYLHSHGILHRDLTLSNLLLTGDMNVKIADFGLAAQLKMPNEKHFTMCGTPNYISPEIATHSAHGLESDVWSLGCMFYTFLVGMPPFDTDTVKNTLNKVMLADYEMPNFISKEAQDLICQLLRKNPADRISLSGVLDHAFMIKCSLSRNKDLGNTEDSMDSGHATISTAFTAGTGSGISSMGRLHQKTKHIIGQCLPNKMAVITSQNKITSASSSMEGISVFNERGAQRVEVSKGGRGRTVKQTEEERPHSRWLRRAHSTDRSGTSQHHILGKPDNMERSHSVEALTKSARPGIYSPADISRDTDVWPFCTGAQTAQADAAQQWFENAQVPNGTFKKPVDVSSLSNASGSFLSGRRHQIQNEAVLVKAWGKNPVSKFKTDPLHRDHFNKQTIQRCEQVPLKHPRQGDYRQPDAKYDTHPVSKQEHSVQSEMQHTEYQMNALCDKVSPLRAHRLKPIRQRTKNAVVSILDTEEVCMELLKGSGAQERVKEVLRISCDGYTIHIYHPNEGRGFPLDDRPPSAPEDVYVYHFDNLPEKFWKKYQYASKFVHLVRSKTPKVTLYTKYAKCMLMENGPKADVEVLFYDGGKINKTTEFLRIVEKSGKSYTFDGGKLNGLNEEAKIYVEHAHKAHQTCLELESTIAMYSYEGSDFTTATTVSKMKPSSPTQTVKYPNAAQVLKSVFVPNVGWASQLTNGEVWVQFNDGSQLFVQSGVTSIIYTSPQGQIIRYGENEKIPEYVKEKLQCLSSILGLLASERRQQRIQ,A0A4W3K6Z2
21,A0A4W4ENP5_ELEEL,A0A4W4ENP5,plk4,Serine/threonine-protein kinase PLK4 (EC 2.7.11.21) (Polo-like kinase 4),unreviewed,Serine/threonine-protein kinase PLK4 (EC 2.7.11.21) (Polo-like kinase 4),Electrophorus electricus (Electric eel) (Gymnotus electricus),"131567 (no rank), 2759 (superkingdom), 33154 (no rank), 33208 (kingdom), 6072 (no rank), 33213 (no rank), 33511 (no rank), 7711 (phylum), 89593 (subphylum), 7742 (no rank), 7776 (no rank), 117570 (no rank), 117571 (no rank), 7898 (superclass), 186623 (class), 41665 (subclass), 32443 (infraclass), 1489341 (no rank), 186625 (no rank), 186634 (cohort), 32519 (subcohort), 186626 (no rank), 186628 (superorder), 8002 (order), 1489620 (suborder), 30771 (family), 8004 (genus)",MSAPIGDKIEDFKVLNLLGKGSFACVYRAKSVNTGLEVAIKMIDKKAMHKAGMVQRVINEVEIQCRLKHPSILEVLQNFLTGFNYVYLVLEMCHNGEMSRFLKDRKKPFIEEEVRHFMHQIVKGMLYLHTHGIMHRDLTLSNLLLTNSMNIKIADFGLATQLRLPSEKHFTMCGTPNYISPEVATRSAHGLESDVWSLGCMFYAFLTGRPPFDTETVKHTLSKVVMGEYQMPAHVSPEAQDLIRQLLQKNPALRPSLSAVLDHPFMTQNGPTMSKDSGPSDGGSIDSGIATISTASNITTNSSSTRLQRKTRQVIGQALPNRMVPLPSQSQHSASSSFMAGEPNPPRVDADSGRPHSRYLRRAHSSDRSGARWSHTRQELELERCHSEEVLPGSGHIFPSASGYQDAPRGSTENGRLPSPPVKQPANCDSSFPTPVYPVRSHMAEPETKPWFSTDGSFKRPADVSTHSSSGSFHSGHEALGPLPSCSDRLTVRGTSGVPVHPYHLQNNPGACEDVGPGAGRFPVARGRLDVQPAPASRSKAYEGKEKNPFPPLCAVRLKPIRQKTKNAVVSILDTGEVCMELLKGQGAQEKVREVLRISCDGSMVTVYQPNEGKGFPLLDHPPSLPEDIFICGYEDLPEKYWKKYQYATKFVQLVKSKTPKVTLYTNFAKCMLMENSPDADVEVCFYDGAKTHKSSDQMRIVEKSGKSYTVKGDIGLGGLSPECRLYMQLSDEGHRMCVSLEAVVSAEEQRSAGHTPFFPITVGRRPANPTSPFPVAQPASVPAPVAPAEVAQVCLSPSQAPHITPSMISYSGSDFTTASLAKGSSPQSAKEGCSLSAGKILKSIFVPHIGWASQLTSGEVWVQFNDGSQLMVQAGVSCITFTSPEGHITRYKENEKLPELVKQKLHCLSSILSLLASPAARR,A0A4W4ENP5
22,A0A668W665_OREAU,A0A668W665,,Serine/threonine-protein kinase PLK4 (EC 2.7.11.21) (Polo-like kinase 4),unreviewed,Serine/threonine-protein kinase PLK4 (EC 2.7.11.21) (Polo-like kinase 4),Oreochromis aureus (Israeli tilapia) (Chromis aureus),"131567 (no rank), 2759 (superkingdom), 33154 (no rank), 33208 (kingdom), 6072 (no rank), 33213 (no rank), 33511 (no rank), 7711 (phylum), 89593 (subphylum), 7742 (no rank), 7776 (no rank), 117570 (no rank), 117571 (no rank), 7898 (superclass), 186623 (class), 41665 (subclass), 32443 (infraclass), 1489341 (no rank), 186625 (no rank), 1489388 (cohort), 123365 (no rank), 123366 (no rank), 123367 (no rank), 123368 (no rank), 123369 (no rank), 1489872 (no rank), 1489908 (no rank), 1489910 (superorder), 1489911 (order), 8113 (family), 319095 (no rank), 318546 (subfamily), 1315725 (tribe), 8139 (genus)",MSVSIGDKIEDFKVLTLLGKGSFACVYRAKSVKTGLEVAIKTIDKKAMHKAGMVQRVRNEVEIHCRLKHPSILELYNYFEDSNYVYLVLEMCHNGEMSRYLKERKMPFSEDDARHFMDQTVKGMLYLHTHGILHRDLTLSNLLLTSNMNIKIADFGLATQLKVPNEKHFTMCGTPNYISPEVATRSAHGLESDVWSLGCMFYAFLMGRPPFDTDTVKHTLSKVVLGDYEMPTHVSLEAQDLIYQLLQKDPTQRPSLSAVLDHPFMTQSLLVRTKELGLGDDGSIDSGIATISTAYTSSTSASSGSRLQKRTKHMIDQWQQQQHHPLERFNREGRSRVAHGGESAEPHSRYLRRAHSSDRPMSTSTGSTHAELGRCHSEETLAGIGRPVFPVSSTPHPFSEHGRLPSPPVKQPANAHSSRGPLGVHNSWTDKPMSRGVNLHPNLHHQLLSNSDSYRENIPGLEFQPPPDRELKHSSTKPSTDKPKKTLRDVIPPLCASRLKPIRQKTKNAVVSILDTGEVCMELLKCQSGQERVKEVLRISCDGSMVTIYQPNGGKGFPVLDCPPAPPEDILICSYEDLPEKYWKKYQYASKFVQLVKSKTPKVTLYTKYAKVMLMENSPNADLEVCFYDGAKTHKTSELVRVVEKSGKSYTVKGEAGLSGLSPECRRYVELSDEGHAMCLSLEAAITAEEQRSTKNVPFFPITIGRRPASSDAPGSSSVPSHPVPPDTASPPKPPQITPSMISYDGSDFTTASLSKKSSPVRQDLIQSTGKVVKSIFVPNVGWASQLTSGEVWVQFNDGSQLVVQAGVSCITYTCPEGKITRYKENEKLPEHVKEKLHCLSTILGLLANPAAHHLQSH,A0A668W665
23,A0A672IKJ4_SALFA,A0A672IKJ4,,Serine/threonine-protein kinase PLK4 (EC 2.7.11.21) (Polo-like kinase 4),unreviewed,Serine/threonine-protein kinase PLK4 (EC 2.7.11.21) (Polo-like kinase 4),Salarias fasciatus (Jewelled blenny) (Blennius fasciatus),"131567 (no rank), 2759 (superkingdom), 33154 (no rank), 33208 (kingdom), 6072 (no rank), 33213 (no rank), 33511 (no rank), 7711 (phylum), 89593 (subphylum), 7742 (no rank), 7776 (no rank), 117570 (no rank), 117571 (no rank), 7898 (superclass), 186623 (class), 41665 (subclass), 32443 (infraclass), 1489341 (no rank), 186625 (no rank), 1489388 (cohort), 123365 (no rank), 123366 (no rank), 123367 (no rank), 123368 (no rank), 123369 (no rank), 1489872 (no rank), 1489908 (no rank), 1489920 (no rank), 1489921 (order), 56717 (suborder), 56718 (family), 703913 (subfamily), 94311 (genus)",MSVSIGDKIEDFKVLTLLGKGSFACVYRAKSVKTGLEVAIKTIDKKAMHKAGMVQRVTNEVEIQCRLKHPSILELYNYFEDSNYVYLVLEMCHNGEMSRYLKERKMPFSEEEARHFMHQIVKGMLYLHTHGILHRDLTLSNLLLTSSMNIKIADFGLATQLKLPNEKHFTMCGTPNYISPEVATRSAHGLESDVWSLGCMFYAFLMGRPPFDTDTVKHTLSKVVLGEYEMPAHVSPEAQDLIRQLLQKDPAQRPSLSAVLDHPFMTQSPPARTKEVGLGDEGSIDSGIATISTACTSSTSASSGSRLQRRARHVIGSTLPSRLASIPARPRQPANVCFEDGDQWQQQQQQQHPADRCSRETRGRGFHAGLPHSHCLRRAHSSDRPGSAPGQSSGQGELARCHSEESLAATGHHVFPSSSGQHPFVEQGRLPSPPVKQLTAPLSLSARAISPPRRNIHQTCSSRTWTAFPTGSGHRPADCSAHSSAGSFHSGRGPLGVHNSWTDRPPSRGAGQLPPQQDCYRENIPAEDFHPLLARETKLPGAKAGADRPRKTLRDVVPPLCASRLKPIRQKTKNAVVSILDSGEVCMELLKTLSGQERVKEVLRISCDGSMVTIYQPNGGKGFPVLDCPPAPPEDILICSYDDLPEKYWKKYQYASKFVQLVKSKTPKVTLYTKYAKVMLMENSPSADLEVCFYDGAKTHKTSELLRVVEKSGKSCTVKGEVGLSGLSPESRQYVELSDEGHAVCLSLEAAIAAEEQRSAGKVHFFPVTIGRRPASWDPPPSQPAHPPPPDAASPPQPPHITPSMISYDGSDFTSASLSKKKSPLHPEPAPSAGKVVKSIFVPNVGWASQLTSGEVWVQFNDGSQLVVQAGVSCITYTSPEGRITRFKENEKLPDLVKEKLHCLSTILGLLANPATRQLHAPHHC,A0A672IKJ4
24,A0A673W8I3_SALTR,A0A673W8I3,LOC115162262,Serine/threonine-protein kinase PLK4 (EC 2.7.11.21) (Polo-like kinase 4),unreviewed,Serine/threonine-protein kinase PLK4 (EC 2.7.11.21) (Polo-like kinase 4),Salmo trutta (Brown trout),"131567 (no rank), 2759 (superkingdom), 33154 (no rank), 33208 (kingdom), 6072 (no rank), 33213 (no rank), 33511 (no rank), 7711 (phylum), 89593 (subphylum), 7742 (no rank), 7776 (no rank), 117570 (no rank), 117571 (no rank), 7898 (superclass), 186623 (class), 41665 (subclass), 32443 (infraclass), 1489341 (no rank), 186625 (no rank), 1489388 (cohort), 41705 (no rank), 8006 (order), 8015 (family), 504568 (subfamily), 8028 (genus)",MFDKVIRYFFQNLTTKCKVSEDEERILSTAGEFQIEDFKVLTLLGKGSFACVYRAKSVNTGLEVAIKMIDKKAMHKSGMVQRVSNEVEIQCRLKHPSILELYNYFEDSNYVYLVLEMCHNGEMSRYLKDRKMPFSEGEARHFMHQIVKGMLYLHTHGIMHRDLTLSNLLLSGNMNLKIADFGLATKLKLPSEKHFTMCGTPNYISPEVATHSAHGLESDVWSLGCMFYAFLMGRPPFDTDTVKHTLNKVVLGEYDMPSHVSQEAQDLIHQLLRKDPAQRPSLSAVLEHPFMTQSLLARTKELSLGEPGSMDSGIATISTACTSSMSGSSSSRHLQRRARHVMGPALPNIMMPIPTLPRPPSNACFEGVEQWQQQHSDRVGRSRAALGGESGRPHSRYLRRAHSSDRSSSSVTPAQGMGQAELERCHSEEMLTVSGRLAFPMSSSYKDTPQPFTEHGRLPSPPVKQTASSGCSYSTQPPRPLNLQLEESEGVQNWFSKEGPFPRPTDVSSHSSSGSFHSSREPLGVHNYWSDKPAGRGTSSHRNQNHHHPSNTESYWENGQRVHGGELQSLSKPSIAKEKSLRNVLPPLCASRLKPIRQKTKNAVVSILDTGEVCMELLKGQGPQERVKEVLRISGDGSMVTIYQPNEGKGFPVLERPPAPPEDILICSYDDLPEKYWRKYQYASKFVLVVKSKTPKVTLYTKSAKCMLMENSPNADLEVCFYDGAKIHKTSELVRVVEKSGKSYTVKGEVGLSGLSPESRLYVELSDEGHSMCLSLEAAITAEEQHSVKSTPFFPITIGRRPANPDSSCPSSQPATADVASLPQPPCFTPSRIFYEESDITSAIVNKNCSPLSVKQDHTANAGKVLKSVFVPNIGWASQLTSGEVWVQFNDGSQLVVQAGVSCIIYTSPVGRTTRYKENEKLPELVKEKLHCLSTILGLLASPAARR,A0A673W8I3
25,A0A673Y9Q5_SALTR,A0A673Y9Q5,LOC115172555,Serine/threonine-protein kinase PLK4 (EC 2.7.11.21) (Polo-like kinase 4),unreviewed,Serine/threonine-protein kinase PLK4 (EC 2.7.11.21) (Polo-like kinase 4),Salmo trutta (Brown trout),"131567 (no rank), 2759 (superkingdom), 33154 (no rank), 33208 (kingdom), 6072 (no rank), 33213 (no rank), 33511 (no rank), 7711 (phylum), 89593 (subphylum), 7742 (no rank), 7776 (no rank), 117570 (no rank), 117571 (no rank), 7898 (superclass), 186623 (class), 41665 (subclass), 32443 (infraclass), 1489341 (no rank), 186625 (no rank), 1489388 (cohort), 41705 (no rank), 8006 (order), 8015 (family), 504568 (subfamily), 8028 (genus)",MFDKVFNYLFQNLTTNCKVSEDERIVFTAGELKIEDFNVLTLLGKGSFACVYRAKSVNTGLEVAIKMIDKKAMHKSGMVQRVNNEVEIQCRLKHPSILELYNYFEDSNYVYLVLEMCHNGEMSRYLKDRKMPFSEDDAQHFMHQIVKGMLYLHTHGIMHRDLTLSNLLLTSNMNLKIADFGLATQLKLPSEKHFTMCGTPNYISPEVATHSAHGLESDVWSLGCMFYAFLMGRPPFDTDTVKHTLNKVVLGEYDMPSHVSQEAQDLIRQLLRKDPAQRPSLSAVLDHPFMTQSLLARTKELSLGEPGSMDSGIATISTACTSSTSGSSRLQRRAARHVIGPALPNRMAPIPTLPRPPSSACFEGVEQWQQHSDRVGRSRAVLGGESGRPHSRYLRRTHSSDRSSSSVIPAQGMGQAELERCHSEEMLTGLERRAFPMSSSYKDTPQPFAEHGRLPSVPVKQTASSGCSYSIQPPHPLNLQLQESEGVQNWLSKEGPFPRPTDVTSHSSSGSFHSGREPLGVHNTWSDKPAGRGTSPHLHHNQHHLHHTSNTDSYRENGQPGHGEELQSLSKPSVEKEKKSLRNVLPPLCASRLKSIRQKTKNAVVSILDTGEVCMELLKGQGPQERGKEVLRISCDGLMVTIYQPNEGKGFPVLDRPPAPPEDILICSYEDLPEKYWKKYQYASKFVQLVKSKTPKVTLYTKYGKCMLMENSPNADLEMCFYDGAKTHKTSELVRVVEKSGKSYTVKGEVGLSGLSPESRLYVKLSDEGHSMCLSLETAITAEEQRCAKSTPFFPITIGRRPANPDSPCPLGGDAPVNVASPPKHPHITPSMISYDGSDFTSASVNKNCSPLSVKQDHTTNTGKVLKSVFVPNIGWASQLTSGEVWVQFNDGSQLVVQAGVSCITYTSPEGRTTRYKENEKLPELVKEKLHCLSTILGLLASPAARR,A0A673Y9Q5
26,H2T1P6_TAKRU,H2T1P6,plk4,Serine/threonine-protein kinase PLK4 (EC 2.7.11.21) (Polo-like kinase 4),unreviewed,Serine/threonine-protein kinase PLK4 (EC 2.7.11.21) (Polo-like kinase 4),Takifugu rubripes (Japanese pufferfish) (Fugu rubripes),"131567 (no rank), 2759 (superkingdom), 33154 (no rank), 33208 (kingdom), 6072 (no rank), 33213 (no rank), 33511 (no rank), 7711 (phylum), 89593 (subphylum), 7742 (no rank), 7776 (no rank), 117570 (no rank), 117571 (no rank), 7898 (superclass), 186623 (class), 41665 (subclass), 32443 (infraclass), 1489341 (no rank), 186625 (no rank), 1489388 (cohort), 123365 (no rank), 123366 (no rank), 123367 (no rank), 123368 (no rank), 123369 (no rank), 1489872 (no rank), 1489922 (no rank), 31022 (order), 31028 (suborder), 32517 (superfamily), 31031 (family), 31032 (genus)",MSVSIGEKIEDFKVLMLLGKGSFACVYRAKSVKTGLEVAIKTIDKKSMHKAGMVQRVTNEVEIQCRLKHPSILELYNYFEDSNYVYLVLEMCHNGEMSRYLKERKVSFSEDEARHFMHQIVKGMLYLHTHGILHRDLTLSNLLLTNNMNIKIADFGLATQLKLPTEKHFTMCGTPNYISPEVATRSAHGLESDVWSLGCMFYAFLMGRPPFDTDTVKHTLSKVVLGEYEMPAHASLEAQDLIHQLLQKDPAQRPSLSAVLDHPFMTRSLLVRTKELGLGDEGSMDSGIATISTACTSSTSGSGGSRLQRRTRHMIGSALPNRMAPLPSFPHHPGTACYEAGEQWQHAADRGRGRVLHAGDGAQPHSRYLRRAHSSDRSESSAQGLGSGLPELGRCHSEESLSGFGGSVFPMSSNQHPFSERGRLPSPPVKQSAHSGRSISAQTAHPPSLKFQDMEGVTHWLNNEASGHRPAEDSGGSFYSGREPLGIFNSWTDKTVGQSVHPHHSQHHNLPSNSDPYRENIPVTDFPAPHSREFKPPAAKLGVDKEKKTLGDIVPPLCATRLKPIRQKTKNAVVSILDTGDVCMELLKCLGGQERVKEVLRISCDGTMVTIYQPNGGKGFPVLDCPPAPPEDILICSYEDLPEKYWKKYQYASKFVQLVKSKTPKVTLYNKYAKVMLMENSPNADLEVCFYDGAKTHKTSELVRVVEKSGKSYTVKGEVGLSGLSPESRLYVELSDEGHSMCLALEAAITMEEQRSTKNVPFFPITIGRRPANPSSPSPPSHSLPPQTASPPQAPQITPSMISYDGSDFSSASVSKKSSPVVQSAGKVIKSIFVPNVGWASQLTSGEVWVQFNDGSQLVVQAGVSSITYTSPDGRITKYKENEKLPEHVKEKLHCLSTILELLANPKAHSRLQPH,H2T1P6
27,H3DJ05_TETNG,H3DJ05,,Serine/threonine-protein kinase PLK4 (EC 2.7.11.21) (Polo-like kinase 4),unreviewed,Serine/threonine-protein kinase PLK4 (EC 2.7.11.21) (Polo-like kinase 4),Tetraodon nigroviridis (Spotted green pufferfish) (Chelonodon nigroviridis),"131567 (no rank), 2759 (superkingdom), 33154 (no rank), 33208 (kingdom), 6072 (no rank), 33213 (no rank), 33511 (no rank), 7711 (phylum), 89593 (subphylum), 7742 (no rank), 7776 (no rank), 117570 (no rank), 117571 (no rank), 7898 (superclass), 186623 (class), 41665 (subclass), 32443 (infraclass), 1489341 (no rank), 186625 (no rank), 1489388 (cohort), 123365 (no rank), 123366 (no rank), 123367 (no rank), 123368 (no rank), 123369 (no rank), 1489872 (no rank), 1489922 (no rank), 31022 (order), 31028 (suborder), 32517 (superfamily), 31031 (family), 47144 (genus)",MSVSIGDKIEDFKVLMLLGKGSFACVYRAKSVKTGLEVAIKTIDKKAMHKAAMVQRVTNEVEIQCRLKHPSILELYNYFEDSNYVYLVLEMCHNGEMSRYLKERKMPFSEDEARHFMHQIVKGMLYLHTHGILHRDLTLSNLLLTNNMNIKIADFGLATQLKLPNEKHFTMCGTPNYISPEVATRSAHGLESDVWSLGCMFYAFLMGRPPFDTDTVKHTLSKVVLGEYAMPTHVSVEAQDLIHQLLQKDPTQRPSLSAVLDHPFMTRSLLVRTRELGLGDEGSMDSGIATISTACTSSASGSGSSRLQRRARHMIGSALPNRMAPLPSFPPHAGSACYEEGDQWQQAADGGGVFQAGDGGQPHSRYLRRTRSSERSGWPRPAPHQLGRSHSEESLSGLGGPVFPVSSSQHPFSERGRLPSPPVKQSAHSGHLKPAPTAGPPSSKFQDMEEVTHWLNNEASGRRPAESSGSSFYREPLGPHGSWTEQQHNPPSNLDPYRENLPVADFPAPLSREGKPPAPKPSLEKEKKRLGDVVPPLCASRLKPIRQKTKNAVVSILDTGEVCMELLKCHGGQERVKEVLQISCDGSTVTIYQPNGGKGFPVLDCPPALPEDILICSYEDLPEKYWKKYQYASKFVQLVKSKTPKVTLYTRYAKVMLMENAPDADLEVCFYDGAKTHKTSELVRVVEKSGKSYTVKGEVGLSGLSPESRLYVELSDEGHGMCLALEAAIAAEEQRSTRNVPFFPITIGRRPAIPSSPSPPTHSLPPETASPPQAPQITPSMISYDGCSDFTTASVSQKGSPVLRSTGKVIKSIFVPNVGWASQQLTSGEVWVQFNDGSQLVVQAGVSCITYTSPDGRITKYKENEKLPEHVKEKLHCLSTILGLLANPAAHAR,H3DJ05
28,S4RZR2_PETMA,S4RZR2,,Serine/threonine-protein kinase PLK4 (EC 2.7.11.21) (Polo-like kinase 4),unreviewed,Serine/threonine-protein kinase PLK4 (EC 2.7.11.21) (Polo-like kinase 4),Petromyzon marinus (Sea lamprey),"131567 (no rank), 2759 (superkingdom), 33154 (no rank), 33208 (kingdom), 6072 (no rank), 33213 (no rank), 33511 (no rank), 7711 (phylum), 89593 (subphylum), 7742 (no rank), 1476529 (no rank), 117569 (class), 7745 (order), 7746 (family), 7756 (genus)",QKAMKKAGMLNTFRNEVEIHCQLKHPSVLELYTCFEDQNYVYLVLEMCNNGEVGRYLKAKGTPFSEEQVRHFMKQTVHGMLYLHSHGILHRDLTLSNLLLTADMNIKIADFGLAAQLRLPEEKHFTMCGTPNYISPEIATRGAHGLESDVWSLGCMLYTMLVGRPPFDTDAIGTTLNRVVLGEYSEPMHLSKPARSLIHQLLQKNPVDRLGLACVLDHPFMALRGASSRMTTERGVIRSHPMTVSSISSTAVSYRGFCACHTLLFTFTPCLLRKASRCSCDCLFRNSGSILDHFTHSVTVERSRSGARLVSGNRETSAQASQSATSFGFDDAFRSTCTSGLGGVEGSVCRSETSCRSERDRNGDHSTRTGSRPGHTNARSTGSGISTNMRRGTDDRQAKTDVRCPSHTGAREPVITASTESQRYAQKFVQHGLGSTRAGTAPRAETEQPSGSRHEERGNVCGSLVGRNTSSSHSALCTRYPEDFLTHTRIEHGHRHGCTEGTLPRGSNSRASGTQPPWLFYGCFLNHVTSPLNSIRLRPIRQLTKNAVVSVLEDGEVCLEFLKGRSGRERVREVLRISSDGQQIRLYQPNEGRGFPLDDRPSSPPEEVVIYSYHTLPEPYWKKYKYAARFVQLVRSKTPKVTLYTQHAKCTLMENSPQPDFEACFYDGAKVHRGGEASMRVIEPSGRLSVLDGSVAMDGVGAAEGVRTYLCHAEQ,S4RZR2
29,W5MXN7_LEPOC,W5MXN7,,Serine/threonine-protein kinase PLK4 (EC 2.7.11.21) (Polo-like kinase 4),unreviewed,Serine/threonine-protein kinase PLK4 (EC 2.7.11.21) (Polo-like kinase 4),Lepisosteus oculatus (Spotted gar),"131567 (no rank), 2759 (superkingdom), 33154 (no rank), 33208 (kingdom), 6072 (no rank), 33213 (no rank), 33511 (no rank), 7711 (phylum), 89593 (subphylum), 7742 (no rank), 7776 (no rank), 117570 (no rank), 117571 (no rank), 7898 (superclass), 186623 (class), 41665 (subclass), 1489100 (infraclass), 7914 (order), 7915 (family), 7916 (genus)",MSVSIGDKIEDFKVLTLLGKGSFACVYRAKSVNTGLEVAIKMIDKKAMQKACMVHRVRKEVEIHCRLKHPSILELYNCFEDSNYVYLVLEMCHNGEMSRYLKNRKRPFSEDEARHFMHQIVKGMLYLHTHGILHRDLTLSNLLLTSCMNIKIADFGLATQLQLPSEKHFTMCGTPNYISPEIVTRGPHGLESDVWSLGCMFYAFLVGRPPFDTDTVKHTLNKVVLAEYEMPAHVSREAQDLIYQLLRKNPADRLSLSSVLDHPFMTNCSSARSKDSGMVEGSMDSGIATISTACTTTLGSASASTSGRFHQKNRHLIGQALPNRINVVPTHERLPGDCSSVDGSSLYRDQLAHREDPCRGDRGRALQRSEEDRPHSRYLRRAQSSERSGSSNSHLPGKAAGAIERCHSMEVLSKPSRQATRGGQETFPVGPSYSDIPQSFKENVSVSLDRKVTSPPVKQKANSDCLYPCEPSLPGSQQRLGSDVVQQWFNQEGHFKKPVDISGHSSNGTGSFHNGLQALSLQNGLPVNSWNEKRVKRGTESSYNDLHTPWQTGPRGCEGAPLNKVDNAQGLASLQPPCVAEQHLPVSRETPSAGSEKHSLKNVISPLCATRLKPIRQKTKNAVVSILETGEVCMELVKGQGSQERVREVLRISCDGSMITVYHPNEGRGFPLDDRPPSPPEDIFIYSFEDLPEKYWKKYQYATKFVQLVKSKTPKVTLYTKHAKCMLMENSPSADLEVCFYDGAKTHKTTEYLRVIEKTGKSYTLKGDVGLNGLSEESRAYVELSNEGHRMCLALEAAIIVEEKRSEKNIPFFPIIVGRRPAKLDSPDPPSQPAQDPKLCGKENPSPNGVVLNSSRSPSQPPNITPSMISYDGSVFTTTSLSKSSTPPSAKQEGTQLAGKVLKSVFVPNVGWASQLTSGEVWVQFNDGCQLVVQAGVSSIIYTSPQGLTTRYSENEKLPEYVKEKLQCLSSILLLLSNPAGQR,W5MXN7
30,A0A3Q2YSF5_HIPCM,A0A3Q2YSF5,,Polo like kinase 4,unreviewed,Polo like kinase 4,Hippocampus comes (Tiger tail seahorse),"131567 (no rank), 2759 (superkingdom), 33154 (no rank), 33208 (kingdom), 6072 (no rank), 33213 (no rank), 33511 (no rank), 7711 (phylum), 89593 (subphylum), 7742 (no rank), 7776 (no rank), 117570 (no rank), 117571 (no rank), 7898 (superclass), 186623 (class), 41665 (subclass), 32443 (infraclass), 1489341 (no rank), 186625 (no rank), 1489388 (cohort), 123365 (no rank), 123366 (no rank), 123367 (no rank), 123368 (no rank), 123369 (no rank), 1489872 (no rank), 1489883 (no rank), 129912 (order), 1489884 (suborder), 72045 (family), 129917 (subfamily), 72046 (genus)",MSVSIGERIEDFKVLTLLGKGSFACVYRAKSIKTGLEVAIKMIDKKMMHKAGMVQRVTNEVEIHCRLKHPSILELYNYFEDNNYVYLVLEMCHNGEMGRYLKEHKVPFSEDERHFMHQIVKGMLYLHTHGILHRDLTLPNLLLTSNMNIKIADFGLATQLKLPNEKHFTMCGTPNYISPEVATRSAHGLESDVWSLGCMFFAFLMGRPPFDTDTVKHTLSKVVLGDYEMPGHISPQAQDLIHQLLQRDPAHRPSLSAVLDHPFMTRSLPGRTKELGPGDDISMDSGIATTFTGCASSTSGSGGSRLQRRTRHVVGLALPNRMAAAPGHPIQPSPACFEDRDQWRRQQQPPDGFYHEGRGRPPHGGASDQPHYLRRAHSSDRFGSSGPLQGPDHAEQGRCHSEESLTVIGRAPFPSSSTPHPFSEHGQIPSPPVKQSASEYLFSNQTAHPPNLQYQDMEGVTNWLNNDLRPLDRSAHSSGVSFHSDRGHGSWTEKPVNRAADPHRGLHRPHPSGLDVYQRENIPGPHLQPPHCSPSSSSSSSQQPSAKAAVDKEKKTLRDLVPPLCASRLKPIRQKTKNTVVSILDTGEVCMELLKCQNGQERVKEVLRISSDGSMVTIYQPNGGKGFPVLDRPPAPPEDILICSYEDLPKYWKKYQYASKFVQLVKSKTPKVTLYTKYAKVMLMENSPNADLEVCFYDAKSHKTSELLRVVEKSGKSYTVKGEVGLSGLSTESRMYAELSDERPVIPDSPILTSPPSQPAPPDHVSPSRPPKITPPMISYDGSDFNSPSLSKKSSPACQEDLQNTSKVVKSIFVPNVGWASQLTSGEVWVQFNDGSQLVVQAGVSWLLYTSPEGCVTYKENDKLPEHVKEKLHCLSTILGLLAKPAARHPQAH,A0A3Q2YSF5
